{"text": "\u4e0d\u7528\u60f3\u770b\u5929\u5728\u5b9c\u51c6\u4e0a\u53bb\u5c31\u884c\u4e86", "segments": [{"id": 0, "seek": 0, "start": 0.0, "end": 3.66, "text": "\u4e0d\u7528\u60f3\u770b\u5929\u5728\u5b9c\u51c6\u4e0a\u53bb\u5c31\u884c\u4e86", "tokens": [50402, 24384, 7093, 4200, 6135, 3581, 2415, 250, 6336, 228, 5708, 6734, 3111, 46606, 50547], "temperature": 1.0, "avg_logprob": -3.1126410961151123, "compression_ratio": 0.78, "no_speech_prob": 0.265117883682251}], "language": "zh"}