{"text": "\u770b412455", "segments": [{"id": 0, "seek": 0, "start": 0.0, "end": 4.18, "text": "\u770b412455", "tokens": [50390, 4200, 19, 4762, 8465, 20, 50573], "temperature": 1.0, "avg_logprob": -3.788954496383667, "compression_ratio": 0.5294117647058824, "no_speech_prob": 0.07205810397863388}], "language": "zh"}