{"text": "\u5077\u504f\u662f\u7a97\u7897\u7684\u4e00\u500b\u7bc0\u76ee\u4efb\u52d9\u90fd\u662f\u6b63\u5982\u5de5\u4f5c\u4eba\u54e1\u6240\u4ee5\u53ea\u9700\u8981\u6240\u8aaa\u5077\u504f\u5c31\u80fd\u5920\u8ffd\u5230\u5077\u504f\u88dd\u7684\u4efb\u52d9\u6027", "segments": [{"id": 0, "seek": 0, "start": 0.0, "end": 3.84, "text": "\u5077\u504f\u662f\u7a97\u7897\u7684\u4e00\u500b\u7bc0\u76ee", "tokens": [50364, 7437, 115, 7437, 237, 1541, 30771, 245, 16337, 245, 1546, 8990, 42567, 50556], "temperature": 0.0, "avg_logprob": -0.6321450013380784, "compression_ratio": 1.0336134453781514, "no_speech_prob": 0.09512019157409668}, {"id": 1, "seek": 0, "start": 3.84, "end": 6.640000000000001, "text": "\u4efb\u52d9\u90fd\u662f\u6b63\u5982\u5de5\u4f5c\u4eba\u54e1", "tokens": [50556, 26443, 39517, 22796, 15789, 8238, 41315, 4035, 20992, 50696], "temperature": 0.0, "avg_logprob": -0.6321450013380784, "compression_ratio": 1.0336134453781514, "no_speech_prob": 0.09512019157409668}, {"id": 2, "seek": 0, "start": 6.640000000000001, "end": 8.4, "text": "\u6240\u4ee5\u53ea\u9700\u8981", "tokens": [50696, 7239, 14003, 35748, 50784], "temperature": 0.0, "avg_logprob": -0.6321450013380784, "compression_ratio": 1.0336134453781514, "no_speech_prob": 0.09512019157409668}, {"id": 3, "seek": 0, "start": 8.4, "end": 13.32, "text": "\u6240\u8aaa\u5077\u504f\u5c31\u80fd\u5920\u8ffd\u5230\u5077\u504f\u88dd\u7684\u4efb\u52d9\u6027", "tokens": [50784, 5966, 4622, 7437, 115, 7437, 237, 3111, 8225, 31649, 39947, 4511, 7437, 115, 7437, 237, 44453, 1546, 26443, 39517, 21686, 51030], "temperature": 0.0, "avg_logprob": -0.6321450013380784, "compression_ratio": 1.0336134453781514, "no_speech_prob": 0.09512019157409668}], "language": "zh"}