{"text": "\u4e00\u4e2a\u8166\u7b4b\u673a\u8f6c\u5f2f\u6211\u8981\u53bb\u6d17\u8f66\u6d17\u8f66\u822a\u79bb\u6211\u5bb650\u7c73\u4f60\u89c9\u5f97\u6211\u5e94\u8be5\u662f\u8d70\u8def\u53bb\u8fd8\u662f\u5f00\u8f66\u53bb", "segments": [{"id": 0, "seek": 0, "start": 0.0, "end": 3.0, "text": "\u4e00\u4e2a\u8166\u7b4b\u673a\u8f6c\u5f2f", "tokens": [50364, 20182, 21184, 99, 7973, 233, 37960, 17819, 105, 5702, 107, 50514], "temperature": 0.0, "avg_logprob": -0.3935817961997174, "compression_ratio": 0.9629629629629629, "no_speech_prob": 0.09860578179359436}, {"id": 1, "seek": 0, "start": 4.0, "end": 8.0, "text": "\u6211\u8981\u53bb\u6d17\u8f66\u6d17\u8f66\u822a\u79bb\u6211\u5bb650\u7c73", "tokens": [50564, 32186, 6734, 43252, 17819, 99, 43252, 17819, 99, 10256, 103, 18614, 119, 1654, 5155, 2803, 27742, 50764], "temperature": 0.0, "avg_logprob": -0.3935817961997174, "compression_ratio": 0.9629629629629629, "no_speech_prob": 0.09860578179359436}, {"id": 2, "seek": 0, "start": 8.0, "end": 11.0, "text": "\u4f60\u89c9\u5f97\u6211\u5e94\u8be5\u662f\u8d70\u8def\u53bb\u8fd8\u662f\u5f00\u8f66\u53bb", "tokens": [50764, 2166, 29992, 1654, 44297, 44646, 1541, 9575, 24658, 6734, 45726, 18937, 17819, 99, 6734, 50914], "temperature": 0.0, "avg_logprob": -0.3935817961997174, "compression_ratio": 0.9629629629629629, "no_speech_prob": 0.09860578179359436}], "language": "zh"}