{"text": "\u597d\u5427,\u8fd9\u662f\u5bf9\u80fd\u529b\u7684\u7279\u4f7f\u5982\u679c\u4f60\u4ecb\u7ecd\u80fd\u529b\u7684\u8bdd,\u90a3\u4e48\u6211\u4eec\u865a\u7231\u4f60\u8fd9\u4e9b\u80fd\u591f\u5728\u7f51\u4e0a\u67e5\u51fa\u8fd9\u4e2a\u89c6\u9891\u7684\u540d\u5b57\u6309\u7167\u5934\u50cf\u751f\u5b58\u7684\u529f\u80fd\u7684\u673a\u4f1a", "segments": [{"id": 0, "seek": 0, "start": 0.0, "end": 4.0, "text": "\u597d\u5427,\u8fd9\u662f\u5bf9\u80fd\u529b\u7684\u7279\u4f7f", "tokens": [50364, 40221, 11, 27455, 8713, 8225, 13486, 1546, 17682, 22982, 50564], "temperature": 0.0, "avg_logprob": -0.6354255060995778, "compression_ratio": 1.1006711409395973, "no_speech_prob": 0.2716158926486969}, {"id": 1, "seek": 0, "start": 4.0, "end": 8.0, "text": "\u5982\u679c\u4f60\u4ecb\u7ecd\u80fd\u529b\u7684\u8bdd,\u90a3\u4e48\u6211\u4eec\u865a\u7231\u4f60\u8fd9\u4e9b", "tokens": [50564, 13119, 2166, 30312, 10115, 235, 8225, 13486, 44575, 11, 35693, 15003, 12026, 248, 27324, 2166, 5562, 13824, 50764], "temperature": 0.0, "avg_logprob": -0.6354255060995778, "compression_ratio": 1.1006711409395973, "no_speech_prob": 0.2716158926486969}, {"id": 2, "seek": 0, "start": 8.0, "end": 11.0, "text": "\u80fd\u591f\u5728\u7f51\u4e0a\u67e5\u51fa\u8fd9\u4e2a\u89c6\u9891\u7684\u540d\u5b57", "tokens": [50764, 8225, 1787, 253, 3581, 16469, 239, 5708, 42623, 7781, 15368, 40656, 39752, 1546, 15940, 22381, 50914], "temperature": 0.0, "avg_logprob": -0.6354255060995778, "compression_ratio": 1.1006711409395973, "no_speech_prob": 0.2716158926486969}, {"id": 3, "seek": 0, "start": 11.0, "end": 15.0, "text": "\u6309\u7167\u5934\u50cf\u751f\u5b58\u7684\u529f\u80fd\u7684\u673a\u4f1a", "tokens": [50914, 26613, 32150, 39862, 12760, 8244, 39781, 1546, 32311, 8225, 1546, 37960, 12949, 51114], "temperature": 0.0, "avg_logprob": -0.6354255060995778, "compression_ratio": 1.1006711409395973, "no_speech_prob": 0.2716158926486969}], "language": "zh"}