{"text": "\u8c37\u6b4c\u58f0\u8bf4,\u6211\u7528\u6211\u7684\u53ec\u5584\u4e86,\u751a\u81f3\u90a3\u4e00\u7bc7\u7231\u7ed9\u4f60\u793a\u8303\u5c31\u53ef\u4ee5\u3002", "segments": [{"id": 0, "seek": 0, "start": 0.0, "end": 7.0, "text": "\u8c37\u6b4c\u58f0\u8bf4,\u6211\u7528\u6211\u7684\u53ec\u5584\u4e86,\u751a\u81f3\u90a3\u4e00\u7bc7\u7231\u7ed9\u4f60\u793a\u8303\u5c31\u53ef\u4ee5\u3002", "tokens": [50364, 8897, 115, 29582, 32045, 8090, 11, 1654, 9254, 14200, 2129, 105, 5234, 226, 2289, 11, 17556, 20844, 4184, 2257, 20878, 229, 27324, 23197, 2166, 25696, 27395, 225, 36781, 1543, 50714], "temperature": 0.0, "avg_logprob": -0.7290611267089844, "compression_ratio": 0.875, "no_speech_prob": 0.2094864398241043}], "language": "zh"}