{"text": "\u4f60\u73fe\u5728\u6709\u6c92\u6709\u6253\u958b\u6d41\u89bd\u5668\u7684\u529f\u80fd\u5982\u679c\u6c92\u6709\u7684\u8a71\u53ef\u4ee5\u88dd\u4e00\u500bAgin to brush", "segments": [{"id": 0, "seek": 0, "start": 0.0, "end": 6.0, "text": "\u4f60\u73fe\u5728\u6709\u6c92\u6709\u6253\u958b\u6d41\u89bd\u5668\u7684\u529f\u80fd", "tokens": [50364, 2166, 12648, 28350, 12467, 8949, 27854, 2888, 121, 34386, 1546, 32311, 8225, 50664], "temperature": 0.0, "avg_logprob": -0.48555246988932294, "compression_ratio": 0.9361702127659575, "no_speech_prob": 0.08716491609811783}, {"id": 1, "seek": 0, "start": 6.0, "end": 9.0, "text": "\u5982\u679c\u6c92\u6709\u7684\u8a71\u53ef\u4ee5\u88dd\u4e00\u500bAgin to brush", "tokens": [50664, 13119, 6963, 21358, 6723, 44453, 8990, 32, 1494, 281, 5287, 50814], "temperature": 0.0, "avg_logprob": -0.48555246988932294, "compression_ratio": 0.9361702127659575, "no_speech_prob": 0.08716491609811783}], "language": "zh"}