{"text": "\u4f60\u53ea\u9700\u8981\u901a\u8fc7\u6211\u5e2e\u6211\u8bd5\u8bd5,\u5c31\u80fd\u591f\u627e\u5230\u8fd9\u4e2a\u8282\u76ee\u7684\u540d\u5b57\u548c\u6211\u4e00\u76f8\u5173\u4efb\u6211\u7684\u540d\u5b57", "segments": [{"id": 0, "seek": 0, "start": 0.0, "end": 11.0, "text": "\u4f60\u53ea\u9700\u8981\u901a\u8fc7\u6211\u5e2e\u6211\u8bd5\u8bd5,\u5c31\u80fd\u591f\u627e\u5230\u8fd9\u4e2a\u8282\u76ee\u7684\u540d\u5b57\u548c\u6211\u4e00\u76f8\u5173\u4efb\u6211\u7684\u540d\u5b57", "tokens": [50364, 2166, 14003, 35748, 19550, 16866, 1654, 4845, 106, 1654, 5233, 243, 5233, 243, 11, 3111, 8225, 1787, 253, 25085, 4511, 15368, 45161, 11386, 1546, 15940, 22381, 12565, 1654, 2257, 15106, 28053, 26443, 14200, 15940, 22381, 50914], "temperature": 0.0, "avg_logprob": -0.7128358640168843, "compression_ratio": 0.970873786407767, "no_speech_prob": 0.1727365106344223}], "language": "zh"}